{
  "version": 1,
  "author": "Anonymous maker",
  "editor": "wokwi",
  "parts": [
    { "type": "board-esp32-devkit-c-v4", "id": "esp", "top": -48, "left": -91.16, "attrs": {} },
    { "type": "wokwi-servo", "id": "servo1", "top": -21.2, "left": 86.4, "attrs": {} },
    {
      "type": "wokwi-hc-sr04",
      "id": "ultrasonic1",
      "top": 139.5,
      "left": 87.3,
      "rotate": 90,
      "attrs": {}
    }
  ],
  "connections": [
    [ "esp:TX", "$serialMonitor:RX", "", [] ],
    [ "esp:RX", "$serialMonitor:TX", "", [] ],
    [ "ultrasonic1:TRIG", "esp:5", "green", [ "h-86.4", "v-115.6" ] ],
    [ "ultrasonic1:ECHO", "esp:18", "green", [ "h-48", "v-0.8" ] ],
    [ "servo1:PWM", "esp:13", "green", [ "h-211.2", "v67.4" ] ],
    [ "esp:GND.2", "servo1:GND", "black", [ "v0", "h48", "v57.6" ] ],
    [ "ultrasonic1:GND", "servo1:GND", "black", [ "h-67.2", "v-174", "h28.8" ] ],
    [ "esp:3V3", "servo1:V+", "green", [ "h38.55", "v-19.2", "h124.8", "v76.8" ] ],
    [ "servo1:V+", "ultrasonic1:VCC", "green", [ "h9.6", "v134.5" ] ]
  ],
  "dependencies": {}
}